Vorname;Nachname;Adresse;eMail;Telefonnummer;Geburtsdatum;Firmenbezeichnung;FaxNummer;Firmen-WebSite
Albert;Du Treuil;Bruxelles;albert@student.at;0479 910 567
Claudia;Payerl;Graz;claudia@student.at;045 555 019
Claudia;Payerl;Graz;claudia@student.at;045 555 019
Claudiaa;Payerl;Graz;claudia@student.at;045 555 019
Kermit;Frog;Graz;kermit@student.at;10 12 14 16
Linda;Payerl;Barville;linda@student.at;01 555 456
Max;Muster;Fooville;maxi@student.at;0123456789
Steve;Travis;Los Angeles;travis@student.at;555 910 567
